business_id,monthly_revenue,electricity_bill_avg,mobile_topup_freq,upi_transactions,digital_receipts,gst_filed,shop_age_months,location_rural,default
1,32773,1503.426845488093,3,37,28,1,52,1,0
2,19719,1239.184929404481,8,48,25,1,54,0,0
3,36980,3473.007048083274,9,53,31,1,91,1,0
4,74490,3767.198051244985,8,44,27,1,59,0,0
5,18263,932.6618082676965,4,44,30,1,23,0,0
6,18264,4732.091434223497,6,32,22,1,32,1,0
7,77914,1018.2793913361841,7,43,30,0,77,1,0
8,40698,3073.444608264496,7,40,36,1,11,0,0
9,15129,3778.054181693849,4,51,29,0,80,0,0
10,33997,4458.07031973356,5,35,30,1,98,1,0
11,15203,3799.1651149561967,13,38,24,1,110,1,0
12,15175,4167.257948893126,11,45,23,1,74,0,0
13,26730,2225.6908086797857,4,44,33,1,76,1,0
14,4766,4222.265477735351,8,39,34,0,27,0,0
15,5541,1136.4823548156355,6,38,32,1,64,0,0
16,14047,4558.229955454216,4,38,30,1,52,0,0
17,9796,3099.8879798456924,5,44,32,1,73,0,0
18,28322,4232.650633842473,12,42,32,1,37,0,0
19,10652,2699.7367949768604,9,46,34,1,88,0,0
20,7116,3503.0263198254047,7,55,30,1,114,0,0
21,71148,3010.8911759316757,11,40,29,1,102,0,0
22,18386,3872.675991372394,10,47,28,1,6,0,0
23,23249,1142.8459245284762,11,48,25,1,59,0,0
24,7045,1053.478752760368,13,58,35,1,51,1,0
25,14249,1837.833582842615,9,37,32,1,46,0,0
26,24070,1470.087656475391,7,46,29,0,113,1,0
27,8770,4461.490979687247,5,36,29,1,119,0,0
28,29749,1720.6987469037863,8,40,24,0,46,0,0
29,13622,4898.6340744403515,9,52,21,0,13,0,0
30,17442,2214.962325438649,6,40,28,0,37,1,0
31,13611,1564.8952458925369,7,64,29,0,35,0,0
32,96937,4116.733729998412,7,54,41,1,51,0,0
33,21789,3566.57265710368,10,59,36,0,97,1,0
34,9450,2892.422009103184,10,44,35,0,110,1,0
35,42533,3132.526913938051,6,47,26,0,57,1,0
36,8294,3820.647468743508,4,46,30,0,101,0,0
37,26032,1759.5099135914547,4,28,35,0,94,0,0
38,4592,4984.602447438316,4,44,32,1,103,1,0
39,7611,4894.131281016489,9,48,42,1,66,0,0
40,25783,3531.367882657135,7,44,25,1,102,1,0
41,39766,1638.0782939024095,11,46,42,1,18,1,0
42,25262,3656.9586182114235,8,61,34,0,94,1,0
43,20080,1103.2333177125386,12,49,30,0,111,0,1
44,17311,928.7405092643855,10,35,31,0,45,0,1
45,6749,1882.2681317470974,4,44,29,1,108,1,0
46,12383,2743.0164183051284,3,59,35,0,66,0,0
47,15237,4446.744522715198,5,47,24,1,49,0,0
48,51312,3854.110093018494,10,42,31,0,118,0,0
49,28995,3919.3673890399205,5,47,27,0,67,0,0
50,5375,2587.0720046819165,4,39,29,1,49,0,0
51,28545,2252.9269686972443,10,59,25,1,53,1,0
52,16186,2358.3628045353316,6,44,24,1,79,0,0
53,12816,4948.128167691443,10,53,27,1,64,0,0
54,35930,968.4586039324264,11,52,34,1,62,0,0
55,50251,4441.532283714284,5,54,24,1,100,0,0
56,46398,3230.4367160040524,8,37,26,1,113,1,0
57,11255,2642.18476059628,6,41,33,0,16,1,0
58,17199,3846.0821737435735,9,53,21,1,30,0,0
59,28710,2844.009553983752,11,43,34,1,66,1,0
60,48071,4468.3775999429745,13,43,20,1,51,0,0
61,15012,4582.947828847286,4,42,26,1,59,1,0
62,18986,2571.2278928685128,8,59,24,1,114,0,0
63,9090,1962.6767483872165,5,38,27,1,39,0,0
64,8459,3287.8713800921214,11,43,24,1,89,0,0
65,42193,4631.926051590102,8,40,35,1,12,1,0
66,65185,1684.7811938237996,3,51,21,1,102,0,0
67,20793,3416.4596509666276,10,50,34,1,67,1,0
68,49159,3452.5529243885862,12,51,31,0,62,0,0
69,29416,3879.0746941441803,7,50,28,1,104,1,0
70,13146,1352.5842775344913,8,40,35,0,98,0,0
71,29410,3806.464851664772,2,42,28,1,81,1,0
72,75389,4617.936586795692,6,58,26,1,10,0,0
73,21404,1554.6690572550162,2,51,33,1,81,0,0
74,77011,1797.681964680286,11,56,34,1,98,1,0
75,2708,4879.8593949748865,11,50,26,0,40,1,0
76,42511,1560.1032013798572,8,39,32,0,89,1,0
77,23615,4388.417392152232,14,43,37,1,42,0,0
78,17340,2867.566997081746,13,47,38,0,65,0,0
79,23704,1838.3705124933435,2,40,45,1,70,0,0
80,4491,4457.1495853445485,12,48,35,1,21,0,0
81,18476,2670.282071011195,7,51,28,1,35,0,0
82,29310,2962.232886504699,9,51,26,1,78,0,0
83,71848,2308.780151479016,6,41,35,1,47,1,0
84,14550,3290.393576026695,8,37,27,1,66,1,0
85,11535,1486.8002648570955,9,54,31,0,79,0,0
86,14744,2442.5424539373953,7,53,26,0,82,0,0
87,45812,4871.531753808207,8,38,32,1,53,0,0
88,28652,1884.1604173447356,6,45,24,1,67,1,0
89,14417,3558.293991073427,7,36,32,0,89,0,0
90,33210,2165.7982697437183,10,33,30,1,98,1,0
91,23805,4048.5871278837226,9,43,28,1,69,0,0
92,47806,1349.6693750170693,9,57,28,1,62,0,0
93,12561,4873.248389329888,2,50,29,1,73,1,0
94,16947,2705.916073811285,6,49,23,1,51,1,0
95,16095,1791.4119460551487,9,59,26,1,118,0,0
96,6830,1108.686338786053,4,52,29,1,33,0,0
97,27914,1512.983201367671,13,35,33,1,106,1,0
98,27142,2983.050583935274,8,38,30,1,82,0,0
99,22116,2215.4133410114027,11,52,23,1,8,1,0
100,18257,4281.310136706959,6,45,26,0,42,1,0
101,7098,2609.7275993795847,8,55,30,0,53,1,0
102,15732,1844.5999448680457,7,41,27,1,24,0,0
103,16744,3392.008943736926,11,39,27,1,97,0,0
104,11593,3768.4643109188723,8,45,34,1,88,1,0
105,19360,1501.5760131839893,11,55,35,1,22,0,0
106,30431,1504.0007084109343,2,38,32,0,87,0,0
107,99603,954.0199931208805,5,43,35,1,87,1,0
108,25327,3892.8884632756904,5,55,32,0,92,0,0
109,27066,3587.9790160115813,6,39,28,1,45,1,0
110,20752,2793.449678149218,12,47,30,1,55,1,0
111,4745,4345.5158856706275,5,48,30,1,78,1,0
112,21564,4183.8146423902235,7,36,32,0,34,1,0
113,23113,3258.488330466359,7,39,26,1,56,0,0
114,158038,4446.739378155686,13,31,33,1,47,0,0
115,18884,1664.5330821544267,9,49,25,1,34,1,0
116,28035,1270.0624014704572,8,47,31,1,71,0,0
117,21423,1932.9483683713563,8,41,32,1,22,1,0
118,8647,1039.7647955751224,4,47,45,1,114,1,0
119,54954,3030.9120176043343,10,46,26,1,36,0,0
120,40196,4733.743907638838,13,37,32,0,97,1,0
121,41474,965.2428708077405,6,42,30,1,112,0,0
122,10641,1312.8616388421126,9,50,39,1,117,0,0
123,67658,2699.235918790428,9,59,37,1,57,1,0
124,7176,4722.2750736172,9,43,37,0,44,1,0
125,35224,2127.855640902352,3,46,31,0,65,0,0
126,127053,2930.386196491248,8,30,30,0,99,0,0
127,9972,974.6060080116467,9,41,35,1,104,0,0
128,14002,1423.041444040773,7,49,40,1,117,0,0
129,23854,4943.8465164271565,6,46,24,1,56,0,0
130,14723,4853.498525031391,4,54,26,1,89,0,0
131,6370,820.7479199245204,16,42,31,1,21,1,0
132,23268,4797.609498777603,11,53,16,1,103,1,0
133,9415,3484.3037388251014,9,50,36,1,19,0,0
134,32172,4445.256836984093,7,42,28,1,95,0,0
135,10556,2709.907393662208,13,49,32,1,89,1,0
136,76110,2965.503320032851,4,49,33,1,47,1,0
137,11771,2853.155637079065,10,39,29,0,56,1,0
138,17023,3600.829881693638,8,46,23,1,29,0,0
139,42226,1386.5352699765142,8,46,21,1,112,0,0
140,8228,925.8890774652474,5,66,20,1,87,0,0
141,26422,2093.305754683002,9,55,30,1,48,1,0
142,62674,3759.6592034939163,5,43,20,0,78,0,0
143,6087,1647.7844989163832,6,56,32,1,24,0,0
144,25532,3628.4162199646526,8,47,26,1,89,0,0
145,27116,4873.630593650536,5,52,40,1,66,0,0
146,41169,1194.3830063155572,13,52,35,0,111,1,0
147,8188,3624.9288965455303,11,44,34,1,99,0,0
148,7658,2663.7509210791986,9,45,25,1,68,1,0
149,33441,4446.197468385522,6,46,35,1,31,0,0
150,27933,1544.0291156790208,9,38,32,0,100,0,0
151,26913,3709.028999349891,9,52,26,0,40,0,0
152,29061,4320.084216522063,3,47,44,1,72,0,0
153,12784,4767.379721790898,7,53,22,1,61,0,0
154,26523,3669.6417188165124,8,36,20,1,45,1,0
155,27846,2888.1340088353945,8,43,24,1,34,1,0
156,12438,3394.9584088450983,7,54,37,1,11,0,0
157,97989,4449.4009348106165,6,52,39,1,57,0,0
158,32178,3196.5609358830848,5,35,28,0,6,1,0
159,8492,927.6256507267149,10,40,20,1,57,0,0
160,37243,4709.984521129307,5,34,32,1,29,0,0
161,10099,3696.0123543325567,8,51,28,1,107,0,0
162,41343,3641.3562202644353,8,49,26,1,39,1,0
163,55652,1705.8356400704122,8,35,26,1,12,0,0
164,11423,3567.3189749771605,6,55,41,0,80,0,0
165,47605,2454.2305037474657,8,48,45,1,16,0,0
166,30644,3535.178503574267,7,43,36,1,41,0,0
167,42516,1247.690727293561,10,51,27,1,25,0,0
168,100451,3562.9502793327515,7,44,31,1,68,1,0
169,18100,4997.537648236799,8,42,33,0,85,1,0
170,12052,1002.4905632143353,9,54,19,1,68,0,0
171,10811,4904.131573729533,8,45,29,1,74,0,0
172,11468,2509.0134350360568,6,39,38,0,93,1,0
173,20708,4457.164491416488,9,43,31,1,35,1,0
174,28938,4086.0190330447485,7,42,26,0,35,0,0
175,27483,3181.468296144005,8,42,30,1,108,0,0
176,42691,3901.4866788555714,11,55,32,1,117,0,0
177,22256,4489.7653574656615,7,41,24,1,116,0,0
178,70461,2497.3893509343384,9,56,20,0,106,0,0
179,17823,2173.539278565602,8,46,39,1,102,1,0
180,194101,3603.892219367056,6,32,32,1,89,0,0
181,36334,4192.952956153285,6,35,33,1,27,1,0
182,11095,4001.597566061786,14,50,25,1,110,1,0
183,9351,4150.817325206264,12,42,30,0,66,1,0
184,32402,2629.4499222143186,5,57,30,1,26,0,0
185,18420,4234.903707935091,12,49,45,1,42,0,0
186,38995,1304.8780325565554,8,41,35,1,32,1,0
187,32163,3086.8542114355682,7,47,31,1,107,1,0
188,20779,824.1863740921106,4,45,23,1,40,1,0
189,11187,2163.260485581135,5,44,31,1,43,0,0
190,6555,2339.1384464598714,5,40,27,1,109,0,0
191,15410,2463.9253047588727,4,42,24,0,65,1,0
192,43700,3720.962268097421,7,42,47,1,75,0,0
193,26141,2431.9440253354524,9,33,24,0,37,0,0
194,8130,2684.5132150146287,7,55,34,1,85,0,0
195,25299,1797.6853496721753,6,42,43,0,97,0,0
196,29979,2367.657524843228,7,48,29,1,85,0,0
197,10860,1754.5324345052363,4,51,33,0,32,0,0
198,24908,1107.4228798274632,9,46,33,0,8,0,1
199,23076,3334.484092201787,10,49,26,1,54,1,0
200,8827,3606.493753931068,11,42,35,0,90,0,0
201,29326,3401.859453240381,11,27,31,1,107,0,0
202,34496,2746.674983962404,8,41,36,1,107,1,0
203,52388,2395.1002767527652,10,46,36,0,35,0,0
204,51176,4426.001328201666,9,37,24,1,27,0,0
205,7316,2980.143497572116,8,45,26,1,24,1,0
206,10401,2812.56388604487,3,60,27,1,36,1,0
207,33257,907.6966763870299,5,41,33,1,25,0,0
208,33224,2233.2408760298567,7,40,32,1,116,0,0
209,33257,2396.8215989005994,7,40,33,1,24,1,0
210,480309,2475.055679766982,8,44,33,0,7,0,0
211,34777,3236.7239507547956,5,55,33,1,45,1,0
212,54636,3041.1306962528897,7,36,29,1,44,1,0
213,47249,3353.2013897324673,7,35,33,1,96,1,0
214,37090,4012.509698476939,7,37,27,1,77,0,0
215,17116,4214.540102607592,7,42,33,1,114,0,0
216,40423,3816.1169201512766,10,53,27,0,59,1,0
217,11869,4813.199523010726,7,49,31,1,32,0,0
218,18224,876.5768472407188,9,39,30,1,84,0,0
219,14938,1622.2675398708936,7,33,33,0,17,1,0
220,23517,831.7640749081969,5,40,23,0,116,0,1
221,140326,3519.3937994493326,8,36,32,0,83,0,0
222,4945,4571.728305589945,12,45,28,1,76,1,0
223,38139,1822.625645620457,4,46,34,1,22,0,0
224,6062,4693.545088144489,9,38,38,0,95,0,0
225,15100,1053.1230392161556,7,36,37,0,106,0,1
226,52636,4724.63131258316,9,49,22,1,89,1,0
227,23188,2276.8152864064646,10,41,34,1,15,0,0
228,9300,1225.9674794867094,6,44,30,1,24,0,0
229,12428,2840.6613885825677,11,47,27,1,87,1,0
230,37936,1878.4615844261334,6,49,24,1,35,1,0
231,12279,1996.4661882400758,9,41,35,0,35,0,0
232,26190,2090.6178526904037,9,52,33,1,30,1,0
233,22844,4172.708770897187,7,40,40,1,93,0,0
234,13078,3064.477362036069,7,46,27,1,79,1,0
235,122412,2107.492336455215,8,50,20,1,71,0,0
236,36575,3363.401889905857,12,43,21,1,107,0,0
237,4358,3807.832831737413,7,56,37,1,101,1,0
238,25569,1945.020803080842,4,49,31,1,40,0,0
239,12972,2536.9062264064764,7,46,26,1,56,0,0
240,43562,1311.9215920151796,7,44,29,1,106,0,0
241,11684,1560.8272680456573,7,40,30,1,76,1,0
242,20094,3660.6949866529276,5,39,21,0,76,0,0
243,32990,1562.0410603216333,7,36,23,0,32,0,0
244,44029,3005.6862114016526,6,53,34,1,15,0,0
245,8431,3777.994299234217,7,41,29,0,102,0,0
246,16854,1248.883076997924,7,49,36,1,48,0,0
247,15063,3182.7113224413947,11,48,29,0,60,0,0
248,13060,1877.5636915457278,10,54,40,1,76,0,0
249,90432,4844.292875997835,8,44,26,1,11,0,0
250,30454,2830.891716223684,11,52,28,1,11,1,0
251,8032,4185.168709055664,7,44,21,0,82,1,0
252,45903,3110.9514770562996,11,39,26,1,53,1,0
253,120297,982.3326379902405,4,36,29,1,82,0,0
254,50310,3459.2357774948937,6,38,30,1,7,1,0
255,6532,4795.894037267959,8,50,30,0,88,0,0
256,14952,3326.769644614591,12,25,22,0,56,1,0
257,60689,4240.593209592519,6,38,25,1,66,0,0
258,12504,4513.667146063313,6,39,41,0,24,0,0
259,31415,1757.9350421855165,8,46,30,1,119,0,0
260,40933,1690.5883276145519,10,50,37,1,107,0,0
261,10492,3366.1201531741654,9,57,34,0,7,1,1
262,21002,2526.3195731881597,13,44,30,1,56,1,0
263,1647,4327.417472040225,8,52,27,0,31,1,0
264,9705,4580.097118271647,11,42,23,1,75,1,0
265,17996,2284.369793071416,10,37,29,1,25,0,0
266,8117,1794.8563476928248,11,44,30,1,28,0,0
267,81302,4078.2071640242198,13,46,34,1,59,1,0
268,7015,1954.1853493021715,6,47,42,1,20,0,0
269,15490,4254.9801377574495,12,34,38,1,11,1,0
270,24455,2579.7006653248036,7,54,30,1,97,0,0
271,69774,3603.709577024176,9,55,24,1,40,0,0
272,6983,1201.2483181056064,5,41,24,1,80,1,0
273,55855,3420.2091636416067,8,54,24,0,13,0,0
274,22207,2697.4242506963624,10,46,35,0,62,0,0
275,10044,3263.7555453369914,9,46,38,1,55,0,0
276,31878,1505.6596725284262,2,51,33,1,54,1,0
277,25828,3894.869728765565,8,56,29,1,93,0,0
278,13627,4423.74772568156,7,51,35,1,26,0,0
279,23291,1710.3071603812577,4,33,35,0,118,0,0
280,16183,1202.0011331846792,8,48,25,0,41,0,0
281,24120,899.2820613946128,13,42,35,0,76,0,1
282,37410,3496.2803018617174,5,52,36,1,74,0,0
283,78339,3349.794951572879,4,48,30,1,63,1,0
284,8182,3096.129133399094,9,45,23,1,68,1,0
285,121349,1774.177803687097,4,38,21,0,98,0,0
286,4620,2441.8051828031616,6,49,30,1,21,1,0
287,19507,3296.800607781927,8,40,23,1,11,0,0
288,35265,2886.420807208511,11,46,25,1,83,0,0
289,27578,4948.699184902527,8,48,25,1,57,0,0
290,13384,1373.0469607382793,4,36,32,1,7,0,0
291,18648,3719.607126999894,6,42,35,1,94,0,0
292,14847,2498.138826038027,9,49,23,0,100,0,0
293,13746,2598.438382687582,9,49,37,0,119,1,0
294,43463,3813.91061576434,6,49,23,0,119,0,0
295,29307,3708.2318355623524,10,51,32,1,82,1,0
296,12653,4963.275173549191,6,44,28,1,23,0,0
297,45237,1339.256015707326,4,57,27,0,86,0,0
298,28165,1237.2605274134985,4,40,23,1,114,0,0
299,42204,3842.2230319407126,8,52,22,1,97,0,0
300,36450,3229.225051426918,9,41,27,1,81,1,0
301,11348,1951.4747995511846,10,44,28,1,40,1,0
302,14070,1133.5613497537438,13,49,27,1,91,0,0
303,40048,1159.7646483050082,11,33,23,1,44,1,0
304,35892,4555.601673589297,8,43,24,1,6,1,0
305,21661,1605.8427638187202,11,51,23,1,42,1,0
306,24194,2158.160560885187,1,34,26,1,26,0,0
307,61214,1751.9568893533497,14,34,21,0,6,1,0
308,13721,2290.9844844941367,10,57,37,1,9,0,0
309,34121,1091.580139533592,9,42,42,1,101,1,0
310,18736,2980.0511218147353,10,46,20,1,63,0,0
311,18506,1083.9727670873026,6,52,37,1,6,0,1
312,53051,4161.497332853918,12,45,34,1,18,0,0
313,42630,1781.5907440238188,6,41,36,1,51,0,0
314,42226,3068.0500413389445,11,46,27,0,52,1,0
315,62591,4496.332167758124,7,54,41,1,86,0,0
316,22399,3533.6849499982154,7,40,27,0,81,0,0
317,38008,3038.422703515608,7,34,36,0,12,1,0
318,17184,2162.2017630845776,3,43,28,1,56,0,0
319,28547,2198.608034844431,5,44,21,0,8,0,1
320,19848,3611.8452118323985,7,44,30,1,55,0,0
321,23803,4975.385317128904,14,37,40,1,31,0,0
322,35458,3579.7245973673903,9,46,35,1,36,0,0
323,11446,3142.6903529541046,4,43,30,0,105,0,0
324,117466,3868.7321430048337,12,40,35,1,67,1,0
325,9849,2753.863571591616,9,35,31,1,31,1,0
326,8338,1052.5978389232978,5,62,32,1,72,0,0
327,55630,3161.646626687221,5,70,32,1,113,0,0
328,41495,4822.026194922597,7,54,34,0,60,0,0
329,36289,1536.2723579021704,13,58,46,1,33,1,0
330,36412,3698.020541446796,10,48,42,1,49,0,0
331,21811,1643.9214923680372,10,39,33,0,86,1,0
332,10745,3050.4762747869413,5,45,28,1,43,0,0
333,23403,1206.0410885162223,7,44,33,1,116,1,0
334,12813,2691.557932284378,5,62,31,0,35,0,0
335,48054,3975.8859813600334,11,54,39,1,71,1,0
336,19581,2259.8004018037245,7,39,34,0,13,0,0
337,11379,3592.6292428463157,9,33,33,1,19,1,0
338,17032,4140.889835316862,7,38,27,1,106,0,0
339,30648,4694.146841813701,8,43,27,1,104,0,0
340,14030,1785.496743792905,6,44,38,1,111,0,0
341,11409,2477.126846399094,2,50,38,0,108,1,0
342,26767,1440.1472559877532,6,44,28,0,67,1,0
343,26795,4968.4307090651755,6,45,24,0,80,0,0
344,14682,4693.40406528204,12,50,34,1,68,0,0
345,15110,3067.81994717835,5,54,25,1,84,0,0
346,26519,4336.539836380969,5,39,27,1,71,1,0
347,6915,2988.023504542577,6,46,31,0,106,1,0
348,7144,3419.0598896115907,6,47,21,1,112,1,0
349,12397,1174.3226148872698,9,53,28,1,101,0,0
350,18568,3972.1357660865933,12,50,26,1,45,1,0
351,28246,1336.3966312679863,10,52,21,1,18,1,0
352,71702,4269.48404706062,5,40,20,0,112,1,0
353,43744,4084.517968215621,10,48,25,0,22,0,0
354,19381,3776.727730520501,12,50,37,1,20,1,0
355,21693,951.8735982040009,4,52,25,1,38,0,0
356,9877,2073.13909497038,8,36,34,0,21,0,0
357,21702,1905.07279362554,8,60,35,0,18,0,0
358,17484,2312.57291138038,7,46,27,1,91,0,0
359,28514,1168.0995364081218,6,57,18,1,28,0,0
360,11364,4735.222856730464,6,42,38,0,41,0,0
361,33372,3125.96941099198,8,53,40,1,48,0,0
362,75071,2083.202104763699,9,44,40,1,55,1,0
363,20190,2467.3223717119904,11,43,22,1,119,0,0
364,30374,2678.2506701203097,11,38,28,1,79,0,0
365,38258,3322.4962001145927,6,47,30,0,86,0,0
366,15978,2965.8535963252907,8,30,43,1,99,1,0
367,26351,4661.446287500553,10,33,37,1,18,1,0
368,22249,2887.246628204487,6,47,30,1,35,0,0
369,23816,4967.063662257913,7,47,28,1,62,1,0
370,11867,4375.984822529403,6,40,36,1,115,0,0
371,22462,1675.7441603008103,8,47,19,1,35,1,0
372,32807,4708.499901504449,8,38,35,1,76,0,0
373,70327,1288.7388711189997,13,50,32,0,15,0,0
374,47449,4233.288775663004,5,43,37,0,104,0,0
375,123320,2398.617832601636,9,41,27,1,71,0,0
376,11921,4487.492145869292,8,50,24,1,99,0,0
377,44260,4445.838098451291,11,43,29,1,88,1,0
378,25506,4184.886680494009,7,35,30,1,44,1,0
379,126987,4118.1278324896575,8,40,31,1,42,0,0
380,11537,2079.6523842117713,4,44,27,1,8,0,0
381,11251,1139.8609888152591,7,51,34,1,94,0,0
382,13636,2492.5167508136783,8,42,26,1,39,0,0
383,4027,1528.8029629433363,12,41,30,1,91,1,0
384,14463,3718.7945733903393,8,48,33,1,43,0,0
385,12000,2253.6188514586993,7,47,34,1,19,1,0
386,24842,4897.562843611642,9,40,29,1,69,0,0
387,28952,3492.0827248503942,9,35,29,1,44,0,0
388,98808,4254.418367264316,10,50,35,0,59,0,0
389,47114,1356.6036255157633,4,35,30,0,7,0,0
390,13883,4420.460825545015,5,48,27,1,101,0,0
391,10735,4675.580200156256,10,44,23,1,48,1,0
392,32647,2845.660059039531,13,24,30,1,58,0,0
393,7660,3346.262338554105,13,36,29,0,8,0,1
394,95336,4012.2011637925807,7,44,35,1,46,1,0
395,56587,1534.3222344937326,8,36,31,1,13,0,0
396,15133,2910.777521146458,6,47,36,1,95,1,0
397,5594,2474.3847166437154,10,43,30,0,101,0,0
398,65062,1414.7707670814461,8,42,23,1,80,0,0
399,20097,2343.6445736244323,5,46,21,1,119,1,0
400,59293,1086.323699419073,10,42,35,0,68,1,0
401,6151,908.4100091878454,13,53,30,1,70,0,0
402,13636,1367.6984144502555,3,46,28,1,84,0,0
403,22119,4845.08346867453,10,42,33,1,9,1,0
404,22870,3108.024050759071,1,48,31,1,73,0,0
405,15366,4856.453076843523,5,45,26,1,97,0,0
406,36253,2616.491088986554,10,40,35,1,15,1,0
407,9375,2109.6277589580905,13,46,38,1,80,1,0
408,19655,2925.795823929025,11,33,28,0,55,1,0
409,24251,2645.9490922582227,6,49,29,0,28,1,0
410,33241,1243.7916738993245,9,45,27,1,66,1,0
411,38921,3491.4705216988664,11,47,33,0,52,1,0
412,8957,1707.3603665403184,8,59,37,1,8,1,0
413,6455,3402.2694105708842,6,41,24,1,108,0,0
414,61214,3530.8445880722443,4,52,32,1,108,0,0
415,28734,1438.504383140322,10,41,26,1,22,1,0
416,12103,1057.6684338648063,13,41,33,1,27,1,0
417,76185,4079.198661487447,6,36,30,1,96,0,0
418,24162,2731.1617798311445,6,32,34,0,21,0,0
419,56581,1044.2879411229983,8,55,35,0,85,1,0
420,23248,4978.438532113022,8,42,38,1,109,0,0
421,114530,1042.6783561847399,10,47,36,0,8,0,1
422,89704,3719.1479612059234,7,48,25,1,57,1,0
423,18048,4931.451486106337,8,45,28,1,116,1,0
424,47918,1804.5564377068877,8,35,30,1,38,1,0
425,36912,1397.447348486224,13,33,33,0,47,1,0
426,65834,1309.8167455742014,8,38,36,1,7,0,0
427,10178,2073.7556197839012,6,51,27,0,44,1,0
428,38133,1224.392406244716,9,42,23,1,51,0,0
429,51366,3707.077635115354,6,46,23,0,53,1,0
430,5393,1061.6255521462633,7,35,32,1,32,0,0
431,8547,2939.572938229117,6,44,30,0,20,0,0
432,4309,4986.126786182503,12,35,22,0,12,0,0
433,17755,4218.675131925279,4,34,24,1,114,0,0
434,39106,3383.921640570246,7,26,24,0,62,1,0
435,73268,2086.265207303769,6,48,28,1,47,1,0
436,23371,3420.3625124248815,10,51,30,0,14,1,0
437,81055,3013.574148428937,3,51,34,1,110,1,0
438,7302,2589.55021233956,7,41,35,1,11,0,0
439,5638,1348.9835823088379,6,46,27,0,62,1,0
440,21069,4523.73770400996,7,51,43,1,81,1,0
441,29949,2689.0955250495545,5,51,36,1,35,1,0
442,21457,1617.4145496472133,10,28,35,0,60,0,0
443,4213,2344.5892736846163,8,47,24,0,89,1,0
444,20510,2539.3449606214936,6,57,23,1,89,1,0
445,7757,4275.659161380872,7,57,25,1,59,0,0
446,37636,3881.1803983578884,6,41,31,1,115,1,0
447,29533,4031.080553293627,14,50,39,1,32,1,0
448,10384,846.3313106003183,9,48,31,1,89,0,0
449,14601,2547.8467923549983,7,39,26,0,64,1,0
450,9439,2821.645436868359,8,41,28,1,12,1,0
451,20949,880.6075626568381,8,51,31,1,45,1,0
452,47292,1891.2154767291438,12,33,30,1,109,0,0
453,10010,3993.217257112967,10,44,40,1,99,1,0
454,32966,1375.860764061796,11,40,24,1,77,0,0
455,14411,3048.302552100885,9,45,32,1,7,0,0
456,11680,1703.8478624723975,5,34,28,1,19,1,0
457,20218,850.9072535043517,6,59,39,0,15,1,1
458,9621,1813.0461219180743,8,42,31,0,55,1,0
459,14144,4898.669770622226,6,56,46,1,23,0,0
460,8448,4166.455869908556,10,45,24,1,23,0,0
461,106062,4830.22190614834,10,38,31,0,21,1,0
462,22656,2848.986984490722,7,47,37,1,57,0,0
463,12584,1260.8920344455146,8,42,38,1,74,1,0
464,26139,3101.4298536895103,12,49,35,0,57,1,0
465,20133,2708.3848051518357,8,43,22,0,36,1,0
466,18457,4346.299747506388,8,44,29,1,106,0,0
467,36002,1211.9468392938272,12,37,26,1,89,1,0
468,40376,2850.6127754914683,5,38,30,1,28,1,0
469,14408,1430.204391714734,6,51,29,1,101,0,0
470,13895,2163.638892938252,9,56,30,1,47,0,0
471,17675,3896.8997250287584,8,42,34,0,86,0,0
472,3492,2799.2761433488195,13,38,31,1,67,0,0
473,6554,2378.730797612231,5,51,40,1,82,1,0
474,65742,2456.8003699941482,8,48,25,1,118,1,0
475,82123,2729.676427305144,4,42,29,0,55,1,0
476,18047,4097.069484115638,3,44,36,0,82,0,0
477,34935,4546.755693548985,13,37,26,1,86,1,0
478,28254,4812.405683316499,6,32,30,1,20,0,0
479,258617,4104.994222272239,7,48,37,1,95,1,0
480,53941,2124.7089621416535,10,40,29,1,49,1,0
481,19883,3690.165765563477,7,46,34,1,97,1,0
482,10255,2637.9331210326463,8,52,29,1,47,1,0
483,6092,1869.6166125934149,8,37,32,1,50,1,0
484,25920,4331.6606335888755,7,51,25,1,99,1,0
485,12027,961.390665641765,8,48,26,1,112,1,0
486,7059,4587.400366968779,8,47,28,0,40,0,0
487,13131,2738.2053514238833,9,52,41,0,27,1,0
488,9272,3476.246202594778,6,40,20,1,79,1,0
489,84941,3569.2864732642875,8,30,26,1,80,0,0
490,44592,4559.494510967453,11,42,26,1,43,0,0
491,21886,3474.0126651022706,12,56,30,1,102,1,0
492,71966,3378.5210559922593,7,32,31,1,75,0,0
493,23432,1079.9385703548978,9,45,29,1,69,0,0
494,11058,2977.313692169857,6,41,27,1,106,1,0
495,74495,1430.709803431575,9,45,27,0,12,1,0
496,33898,3897.2218286302395,5,44,28,1,49,1,0
497,9606,2951.332067413233,13,50,30,1,81,0,0
498,18915,3656.956672675084,12,62,32,1,12,0,0
499,10932,975.0261825300139,8,48,29,1,71,0,0
500,7286,1156.1264673923736,8,52,36,0,65,0,1
501,46209,3808.5582298632653,5,47,33,1,6,0,0
502,101471,1102.754211194428,9,46,29,1,67,1,0
503,7195,1099.278256614086,3,50,24,1,92,0,0
504,34557,850.8555959865273,8,43,25,1,94,0,0
505,13088,4817.305872857816,10,29,25,1,23,0,0
506,14917,3897.535109727829,8,48,35,1,113,0,0
507,13712,2283.6559157086695,13,37,31,0,12,0,0
508,11034,2045.4494414081519,3,35,36,1,59,0,0
509,22898,2268.753564932568,9,51,34,1,72,1,0
510,11330,4053.5448309609637,4,37,29,1,98,0,0
511,27347,3577.7565664957406,12,49,30,1,15,0,0
512,21158,1577.8213850433654,8,44,31,1,66,0,0
513,18193,1531.2592084031544,6,40,26,1,64,0,0
514,10656,1213.2617287962687,8,54,22,0,64,0,0
515,13885,3573.2714227456204,8,45,34,1,112,0,0
516,40308,4010.365181331291,7,38,33,0,74,0,0
517,32883,1913.1949989650168,9,52,23,0,68,1,0
518,10076,887.9688363298338,9,56,24,1,103,0,0
519,23848,1145.1210034009948,6,36,28,0,13,0,1
520,40179,4865.012146349128,5,49,35,1,83,0,0
521,5793,2040.868065405165,7,54,33,1,109,0,0
522,34019,4030.7372209201612,8,41,36,1,60,0,0
523,12963,3423.586989187908,8,39,31,1,11,0,0
524,34768,2404.146486542163,7,43,29,1,6,0,0
525,11960,1663.8865012213314,8,38,29,1,61,0,0
526,5198,1309.822956269507,5,41,33,1,102,0,0
527,5990,3383.05446576324,12,39,21,0,109,0,0
528,22890,4053.4618786787096,7,46,20,1,80,0,0
529,27113,3504.397864872749,10,49,31,1,119,1,0
530,10684,3027.2689596464647,5,41,23,1,93,1,0
531,36712,976.1951384128723,8,49,20,1,15,1,0
532,5830,4867.652865896413,6,39,29,1,113,1,0
533,20892,4154.599604949213,6,40,14,1,28,1,0
534,8359,2029.852554144052,11,52,26,1,21,1,0
535,13075,4915.875383307172,10,39,34,1,106,1,0
536,22877,3327.9026764725527,9,50,28,0,21,0,0
537,11066,3246.175164470435,9,43,35,1,61,0,0
538,16193,3941.907353604035,9,39,34,0,113,1,0
539,49268,4209.433109978578,5,52,39,1,100,1,0
540,13883,3557.210150792311,11,42,30,1,11,0,0
541,42982,1338.0021347380402,7,48,41,0,35,1,0
542,8921,2220.7235251768934,6,52,23,1,68,0,0
543,33652,4697.951289369408,5,38,23,1,106,0,0
544,69790,1743.3855697441782,10,37,31,1,6,0,0
545,3049,2363.101500117556,8,51,28,0,56,0,0
546,11643,2614.722908365623,10,43,30,1,111,0,0
547,34949,2645.500956716699,9,48,23,1,94,1,0
548,18724,3374.3462464770073,10,47,18,1,51,1,0
549,29641,4760.918518527772,9,38,29,1,26,1,0
550,13586,1810.909389696521,9,31,31,1,104,0,0
551,23606,1310.3057804638559,11,37,35,1,43,1,0
552,19447,1629.3760574117368,10,48,31,1,74,0,0
553,56062,4525.084580878932,7,40,32,0,68,0,0
554,26998,3512.405413151865,9,33,30,0,118,1,0
555,28856,2000.8085148044725,9,59,37,0,55,0,0
556,15843,4226.977143668193,2,40,28,1,17,0,0
557,14911,4417.753984726432,11,47,29,1,74,0,0
558,15583,4355.360222499168,9,48,28,1,78,1,0
559,30198,4659.491441286129,5,45,25,1,49,0,0
560,15728,1859.4122847281187,2,41,31,1,57,1,0
561,27773,3971.176100734369,6,47,33,1,14,1,0
562,115881,2734.2658885513883,6,49,26,0,104,1,0
563,44218,4336.393922138259,6,54,34,0,70,1,0
564,16969,3859.6608440787754,8,51,35,1,116,0,0
565,57582,4061.0792752988436,7,43,33,1,15,0,0
566,15891,3555.8797182605003,7,50,41,1,51,0,0
567,4313,1545.2008317727689,6,47,25,1,108,0,0
568,9833,3089.113059367141,8,35,34,1,105,1,0
569,4931,4935.612906002934,9,47,24,1,63,0,0
570,16627,4737.029879287899,8,43,33,1,42,0,0
571,22353,981.3296903474491,7,50,30,0,57,1,1
572,84216,1492.2222260636358,12,39,31,1,117,1,0
573,28610,1353.26084850916,8,39,24,1,104,1,0
574,18485,3849.115621938241,6,54,26,1,86,1,0
575,42767,4234.69838539917,9,43,30,0,18,1,0
576,3755,1696.7477385048219,7,33,20,1,11,1,0
577,26595,2924.5813103976816,8,49,30,1,63,0,0
578,40810,4330.95271764704,9,46,24,1,106,1,0
579,6748,3877.7664880182524,7,40,26,0,53,0,0
580,54995,3077.396263065763,7,44,21,0,37,0,0
581,28876,3279.4602999268463,6,52,22,1,16,0,0
582,15800,2935.1142970483756,7,47,27,1,86,1,0
583,36542,2049.7034955390463,10,40,30,0,10,1,0
584,135476,3173.0923700078674,10,40,32,1,11,0,0
585,25476,3693.318268610381,7,56,28,0,79,0,0
586,26864,4467.956246615392,10,33,37,1,102,1,0
587,15252,3472.423686712842,6,37,30,1,99,1,0
588,11160,3996.7104555812634,8,59,24,1,26,0,0
589,42798,1472.3008668092066,7,41,34,1,47,0,0
590,11104,2738.5413925631174,7,42,23,1,86,1,0
591,23324,839.1928032737918,8,46,28,1,32,0,0
592,15031,1836.0512309908167,9,45,37,1,8,1,0
593,32311,3851.1392034746204,9,32,21,1,65,0,0
594,28765,4965.601795667327,10,49,29,1,98,0,0
595,50515,1216.5480182663068,7,50,23,1,71,0,0
596,14646,2486.2761266174107,4,43,25,0,98,0,0
597,17749,4160.29806853647,6,43,21,0,54,0,0
598,10066,1656.9496654413751,7,42,22,1,105,0,0
599,15437,3131.3567870696024,6,37,40,1,39,1,0
600,29787,3878.8994433246344,10,43,32,0,42,0,0
601,40359,3387.138891092752,7,41,40,1,47,1,0
602,10532,1589.7038853847478,15,41,17,1,70,0,0
603,44164,2292.6151884801056,5,50,20,1,65,1,0
604,65154,4091.9254948386683,5,46,33,0,95,0,0
605,30661,3127.75135935447,6,40,28,1,6,0,0
606,98857,821.9643768802335,8,48,26,1,64,0,0
607,11860,3996.1611921179942,13,44,35,1,9,0,0
608,8137,948.3076907490041,8,41,31,0,108,1,1
609,5308,3932.081887471175,6,33,25,1,19,1,0
610,72899,1650.4183526939971,13,47,29,1,115,1,0
611,37178,4823.908616501397,5,42,31,1,23,0,0
612,21068,2345.3511554687548,7,41,27,1,39,1,0
613,27555,2173.112788619932,6,50,33,1,6,1,0
614,8951,1425.3298113962676,6,50,29,1,58,1,0
615,155842,2083.5377050589022,7,43,24,0,27,1,0
616,24425,4481.933199678442,8,45,20,1,85,0,0
617,24040,4984.604218034438,6,48,31,0,66,0,0
618,39364,2346.900028128763,9,49,35,0,27,0,0
619,32364,2684.1646500090787,7,47,38,1,55,1,0
620,26346,3832.6979404514955,6,45,25,1,21,0,0
621,11703,4522.022277953312,6,50,19,1,33,1,0
622,32118,3290.7862035844933,6,37,31,1,97,0,0
623,99272,2444.407932346883,5,58,30,1,91,0,0
624,64623,2533.0117315642196,7,45,24,0,75,0,0
625,78790,3721.5962152865886,4,50,32,0,94,0,0
626,14632,813.5167071379705,12,37,37,0,47,1,1
627,9979,3402.275217331331,6,38,39,1,71,0,0
628,19917,2293.070643853701,10,44,35,0,76,1,0
629,23030,4135.628791363753,4,37,26,1,86,0,0
630,52857,1190.560687257155,8,48,34,1,40,0,0
631,5687,3270.44952118324,2,36,33,0,25,1,0
632,74879,2820.08613752172,6,33,41,0,113,0,0
633,19410,3497.767208801955,9,49,33,1,7,1,0
634,15654,1072.385096828467,6,46,43,1,12,1,0
635,9801,3235.9319071981513,10,55,30,1,101,1,0
636,5861,3158.23526943,6,46,26,1,54,0,0
637,42554,3154.772396547918,8,39,26,1,88,0,0
638,23357,3334.64819970511,3,47,29,1,81,1,0
639,7848,3641.165336350721,5,40,29,1,14,1,0
640,7816,4180.953798659233,11,39,27,1,32,1,0
641,16837,1933.2470245385002,9,57,17,1,83,0,0
642,83718,4265.20752275626,7,48,31,1,7,0,0
643,17895,2892.673865506505,8,45,24,1,90,0,0
644,6617,1123.6447723641909,4,55,34,1,73,1,0
645,18095,1045.9139028247127,12,34,42,0,65,0,1
646,17708,2203.8009385234554,11,38,27,1,90,0,0
647,2546,4096.567303868163,6,38,30,1,117,1,0
648,21090,3772.259925911846,9,48,22,1,91,0,0
649,18310,4112.182851624108,14,42,35,0,54,0,0
650,38444,2972.5300370547593,8,39,29,1,7,0,0
651,96680,2648.83579141306,8,37,25,0,22,0,0
652,54244,1419.3006121663925,6,43,51,0,88,0,0
653,17763,2178.4095651591088,8,50,26,0,109,0,0
654,9088,2622.881337930276,6,47,26,1,93,0,0
655,172592,1172.1218046543922,11,41,25,1,25,0,0
656,23095,1726.5702013870873,5,49,32,1,107,0,0
657,22273,3312.546235067703,12,38,29,1,81,1,0
658,21605,3889.7850798045974,9,44,30,1,94,0,0
659,25808,4993.059547850388,11,50,35,1,92,0,0
660,19624,4719.075991642942,6,36,23,0,119,0,0
661,13919,3498.7738380478045,9,46,39,1,103,0,0
662,14221,2569.2418238351024,9,44,37,1,37,0,0
663,21456,3471.9449317745775,9,41,30,1,56,0,0
664,14260,4099.736795936975,9,43,37,1,93,1,0
665,12453,1297.0120018782268,7,52,25,1,47,0,0
666,23984,2521.6005367244106,5,48,23,0,68,1,0
667,17962,4327.169599669593,2,46,24,1,94,0,0
668,73364,2412.0983981187846,9,49,39,0,66,0,0
669,2641,3201.8635391541834,6,39,22,0,67,0,0
670,52744,3268.6313156212327,7,45,28,1,8,1,0
671,59686,1574.8002631612853,4,41,29,1,94,0,0
672,4193,2321.3888549396115,9,41,30,0,97,0,0
673,16744,2204.9474127161147,8,43,23,1,81,0,0
674,16364,910.0261758346721,10,37,35,1,31,0,0
675,7143,901.605408343692,9,37,35,1,53,1,0
676,11822,4293.127583438249,9,58,24,1,113,0,0
677,9059,1946.897401885812,2,51,32,1,13,1,0
678,89484,2975.930818203025,6,42,35,1,10,1,0
679,46562,2054.647409072847,7,42,35,1,16,0,0
680,60915,4750.85282948443,7,42,33,1,47,0,0
681,39235,1889.0463872362498,9,41,31,1,104,1,0
682,8926,2604.5586135035273,6,56,32,1,96,0,0
683,14477,4465.467052035328,6,38,24,0,46,0,0
684,32581,4336.120980525597,10,53,25,0,113,1,0
685,8285,1581.6259549543647,10,44,28,0,107,1,0
686,38964,4171.101901141984,12,44,28,1,24,1,0
687,18173,2724.384924299149,8,34,28,1,53,1,0
688,16319,2828.469262758492,5,39,28,1,58,0,0
689,38900,1360.615884146964,8,54,39,1,60,0,0
690,31426,1138.5263577799235,8,42,31,1,66,0,0
691,16501,3857.3450892898136,8,51,27,1,37,1,0
692,55684,2885.136839892259,14,44,33,1,51,1,0
693,9275,2634.772950983754,2,42,27,0,97,0,0
694,36053,3863.934560340066,7,45,38,0,41,0,0
695,35400,4015.154175762661,7,45,32,1,23,0,0
696,17194,1467.414304211285,5,42,25,1,79,1,0
697,28592,3362.9456278060934,7,47,32,1,101,0,0
698,8095,1368.4871455662792,8,49,37,0,23,0,0
699,46130,3955.775361321992,8,42,24,0,17,1,0
700,18997,3559.211656321986,12,62,24,1,77,1,0
701,14498,4817.781408550523,4,47,34,1,102,0,0
702,50980,1089.623668696969,6,46,35,1,51,1,0
703,12538,1039.6298288352682,8,50,25,1,60,0,0
704,7138,1985.1857137114407,9,46,32,1,43,0,0
705,6340,1899.163871690805,6,35,31,1,83,0,0
706,35767,1837.3109561023994,11,42,30,1,7,1,0
707,7908,4606.2692381883535,6,48,29,1,14,1,0
708,89664,1848.0940393679257,9,42,33,1,113,0,0
709,4164,1942.1888497402501,12,45,26,1,10,1,0
710,85576,3989.4727021554477,7,55,28,1,103,0,0
711,26077,2688.907338292268,14,54,25,0,24,1,0
712,20386,4062.184339211761,6,54,32,1,76,1,0
713,14243,1074.537861770418,9,46,28,1,44,0,0
714,30312,2847.799013428214,8,53,28,0,47,0,0
715,21373,941.177120769787,10,43,38,1,22,1,0
716,53244,1063.143454512489,9,31,23,0,68,0,0
717,24134,4607.037304046526,5,54,36,1,95,1,0
718,24840,1384.8305586938995,7,43,37,1,51,0,0
719,16466,3036.166865555912,10,44,24,0,96,1,0
720,21045,2526.6015309229674,6,44,33,1,112,0,0
721,28176,2258.8419702871392,7,48,36,1,97,0,0
722,5607,4579.300051886545,8,44,36,1,25,0,0
723,7490,891.6582664570559,6,46,38,1,75,1,0
724,39919,3587.916681937474,5,48,41,1,13,0,0
725,25252,4846.256623696912,7,46,25,1,101,0,0
726,19011,3152.7063705397363,4,38,29,1,24,1,0
727,22353,4734.654340538986,12,40,26,0,37,1,0
728,29087,1019.4830930012998,12,40,39,1,24,0,0
729,14302,2558.931940111478,9,45,28,0,29,1,0
730,11817,1892.6627220406149,7,54,30,1,29,1,0
731,25762,3869.448052919065,5,44,32,1,61,0,0
732,10069,4921.447780088436,5,47,36,0,86,0,0
733,30534,1877.4262622658407,7,43,40,1,23,1,0
734,5641,3547.533326191113,6,52,34,0,17,1,0
735,50177,1632.0100575909087,7,31,27,1,46,0,0
736,32147,3174.3870692007617,9,43,34,1,92,0,0
737,27033,2748.516444091012,8,47,38,1,53,0,0
738,48346,4882.422384452456,6,45,33,1,87,0,0
739,83481,3355.8145453251595,9,52,23,1,69,0,0
740,49587,2267.9267627646386,8,32,30,1,21,0,0
741,5050,1279.2022965293202,5,37,27,1,85,1,0
742,7913,1435.236680686725,9,38,25,1,105,1,0
743,13361,1746.3311057951873,6,42,40,1,28,0,0
744,22491,1854.0599776292515,8,59,32,1,91,0,0
745,33327,4372.587442932779,6,44,37,1,44,0,0
746,12325,3157.1357107866047,7,56,31,1,38,0,0
747,25576,2998.241827772339,8,33,29,1,29,1,0
748,12036,1282.0292618507133,5,43,35,1,66,1,0
749,13504,4412.586712067627,8,49,33,0,60,0,0
750,7148,3835.8200734756315,5,42,37,1,66,0,0
751,10523,1084.2071199800066,9,68,30,1,89,0,0
752,7470,3772.9074083650285,11,60,29,1,102,1,0
753,10090,3082.8605128391137,8,37,29,1,100,0,0
754,51170,1143.2464521364686,6,46,29,1,45,1,0
755,10305,2724.862694420357,11,50,31,1,63,1,0
756,180937,2835.7244059461973,7,53,24,1,77,0,0
757,32684,1496.253068685758,10,47,37,1,79,1,0
758,25536,4771.932217401186,8,46,33,0,6,1,1
759,11084,4369.89656021878,9,28,24,1,90,1,0
760,38570,3609.893816782255,7,38,28,1,30,1,0
761,13897,2741.64135620255,7,41,36,1,101,0,0
762,24284,2529.4152746549357,12,43,38,0,58,0,0
763,170769,3534.0885620340073,3,46,34,0,66,1,0
764,20397,3090.813851509003,6,48,32,0,51,1,0
765,55238,1061.5470447039197,9,44,30,0,115,1,0
766,12549,2952.5111248353933,8,43,34,1,79,0,0
767,21418,4186.895192377926,8,38,43,1,65,1,0
768,90820,2728.807485907224,7,57,32,1,56,0,0
769,13338,1018.2176257279273,9,40,32,1,117,0,0
770,93897,4102.368437412939,11,52,37,1,78,0,0
771,38801,1645.7278849710924,8,51,27,1,89,0,0
772,14045,1886.207506529763,7,42,30,1,53,0,0
773,36531,1491.7666844156429,8,47,31,1,89,1,0
774,47956,2186.9032724602894,15,56,28,1,45,0,0
775,36222,3978.356323892267,14,43,28,1,12,0,0
776,6271,2981.4206099165367,10,38,28,0,80,0,0
777,12311,1660.5013514329926,6,60,33,1,90,0,0
778,18069,4486.886328238572,13,52,35,1,107,1,0
779,20753,4494.243790796423,4,40,30,1,116,0,0
780,36189,4456.429385193229,4,45,26,1,24,0,0
781,25391,1802.944087802465,7,39,38,1,115,1,0
782,7568,2695.2052455601497,10,42,29,0,20,1,0
783,29856,4936.956555791676,13,49,19,1,75,1,0
784,35899,4042.4524005019593,6,38,29,0,66,1,0
785,34469,914.1031691473512,10,38,28,1,61,1,0
786,52293,1073.8592832940667,5,37,30,1,15,0,0
787,42921,2748.5117826117976,11,41,35,0,51,1,0
788,31803,4618.724864618553,6,39,30,1,85,1,0
789,20824,3062.5475514013997,8,38,21,0,114,0,0
790,5832,2890.8125337440188,4,49,39,0,80,1,0
791,31060,1242.9895398178485,8,43,26,1,62,1,0
792,26007,3558.476439842035,9,65,26,0,40,0,0
793,27371,4252.833274520946,11,39,30,1,77,0,0
794,7931,2397.7640315317617,8,34,29,0,97,1,0
795,9275,4057.5697738863755,8,47,34,0,8,0,1
796,51150,4850.801946383409,9,42,32,1,71,0,0
797,21340,1655.8191283362942,13,62,30,1,58,1,0
798,37994,2997.9844510179137,10,48,22,0,83,0,0
799,22531,2005.9794239552173,9,32,27,1,57,0,0
800,22557,4129.988559942125,8,35,39,1,98,1,0
801,46659,3225.8921367008616,7,38,39,1,58,1,0
802,14576,3465.246153711276,12,49,30,0,59,0,0
803,23787,4151.239470386755,2,48,35,1,52,1,0
804,15217,2463.0759851823104,6,47,26,1,8,0,0
805,15559,4643.3782873095815,6,58,30,0,70,0,0
806,17199,3038.7212424337877,6,54,23,1,20,0,0
807,26310,1463.4102559084617,13,60,37,1,89,1,0
808,15017,3722.7762963089704,6,43,37,1,91,0,0
809,60150,4131.697671840669,6,35,24,1,39,0,0
810,10767,2130.399043683612,9,59,29,1,55,1,0
811,18967,4400.152879394762,8,49,35,1,38,0,0
812,15494,4605.801670016219,14,40,41,1,78,1,0
813,70093,1962.9988469867974,6,39,25,1,8,0,0
814,25777,4930.790185403933,4,38,22,1,7,1,0
815,50285,1390.9884178047855,9,56,25,1,9,0,0
816,6711,1648.4658072904579,7,46,22,1,21,0,0
817,27272,1573.7443247997098,8,46,33,1,59,0,0
818,44878,4554.756782033056,8,41,33,0,38,1,0
819,23525,3548.02871976484,10,43,22,1,14,1,0
820,51657,1438.837989533546,6,46,23,1,62,0,0
821,14561,2649.358357147066,4,46,34,1,45,1,0
822,68014,3384.2517052931685,10,43,31,1,107,0,0
823,138568,1150.54915695541,10,39,26,1,57,1,0
824,16477,4506.148747310823,5,50,35,0,87,1,0
825,15422,4175.134848854448,7,41,33,1,21,1,0
826,70453,2921.8684490218807,8,34,31,0,13,1,0
827,77937,4861.931784088516,4,35,26,1,92,1,0
828,14497,2554.596112955419,7,45,37,1,65,0,0
829,15738,4933.263339953291,12,53,31,0,41,1,0
830,17580,3605.263994975234,8,33,29,1,8,1,0
831,7513,3465.619347666554,6,46,35,1,20,1,0
832,10562,1497.0105602422968,5,42,29,1,107,0,0
833,9864,4504.096584879505,8,46,32,1,102,0,0
834,11917,2595.4566892665835,9,45,38,0,87,0,0
835,21423,1481.3803042864133,4,47,29,0,28,1,0
836,26565,852.951583898188,9,37,28,1,112,0,0
837,76145,3150.973871281207,6,48,31,1,8,0,0
838,9910,3015.0784129152407,11,41,36,1,35,0,0
839,48409,3821.285213950466,9,53,29,0,50,0,0
840,18560,4539.083822674769,8,44,38,1,22,0,0
841,21171,1133.507655500724,8,43,26,1,119,0,0
842,37792,3872.285259429522,7,35,24,1,63,1,0
843,8971,1587.1301652098455,7,29,35,0,63,1,0
844,29909,4404.343623260089,7,52,34,1,101,0,0
845,25163,4240.066758218956,7,48,26,0,115,1,0
846,32661,3071.3337709392863,12,39,27,0,62,1,0
847,27759,3783.0197542179085,11,39,30,1,12,0,0
848,157037,2120.2704753717435,7,37,33,1,44,0,0
849,13224,2778.9051755178216,4,50,31,1,83,1,0
850,14403,4250.87497038398,14,42,32,1,63,0,0
851,13379,2728.913828127498,10,47,32,1,61,1,0
852,14123,2302.752714366856,11,50,25,1,20,0,0
853,13227,2875.6922784512594,5,42,39,1,49,0,0
854,57023,4278.646860236317,13,39,27,1,17,1,0
855,68624,2207.8737989576657,8,34,39,0,13,0,0
856,13952,1529.798691170124,5,27,36,0,85,1,0
857,11317,3790.458885389279,7,50,34,1,46,0,0
858,32116,4269.108493373944,8,48,40,1,39,0,0
859,14160,1222.67740979884,10,37,24,0,51,0,0
860,36546,1807.4712735749679,5,38,30,1,93,0,0
861,25908,1396.2823569961743,5,49,26,1,34,0,0
862,6551,2261.3539286450996,4,46,37,1,21,0,0
863,75963,2691.474111402733,5,43,32,0,10,0,0
864,92660,3945.070615245887,12,51,27,1,10,1,0
865,13490,3534.819856503031,2,47,28,1,35,0,0
866,16152,3407.899983409411,7,46,25,1,55,1,0
867,27686,2279.9747757605483,9,54,29,0,119,0,0
868,28783,4334.079722955992,9,41,31,0,10,0,1
869,37303,2779.4061030722914,7,46,22,1,112,1,0
870,109992,4912.240739663649,10,46,28,1,18,0,0
871,19119,3463.3969808420948,8,41,28,1,104,0,0
872,11630,1330.3119145709115,10,42,35,1,54,0,0
873,7306,3639.945760716823,10,45,40,1,94,1,0
874,12274,2165.436864813136,3,46,30,0,55,1,0
875,21450,3682.574226081609,4,47,28,1,19,0,0
876,92563,1092.492822282104,7,46,34,0,113,0,0
877,14558,1534.5020361390293,7,58,40,1,51,1,0
878,26344,4394.096487404302,8,41,30,1,95,0,0
879,21738,1754.1541394987626,4,38,26,1,87,0,0
880,56994,4315.572726020348,9,45,27,0,89,0,0
881,166299,1972.9595715085238,13,38,28,0,39,0,0
882,14404,3500.104022246572,8,55,39,1,76,0,0
883,14890,3715.43240874129,9,49,29,1,52,1,0
884,50783,2953.1499632092223,10,46,32,1,65,0,0
885,38006,2082.304842126271,5,48,21,1,79,0,0
886,96506,1693.1063807586038,6,45,29,1,84,1,0
887,35141,939.3952891621901,5,38,27,1,86,0,0
888,16523,2076.57488521104,10,45,33,0,16,0,0
889,35331,3543.2837202313885,7,43,22,1,103,0,0
890,53474,4740.880237483627,9,53,22,1,96,1,0
891,42462,4459.058825504819,11,43,31,1,90,0,0
892,33051,4017.472061448271,7,52,23,1,100,0,0
893,51706,4111.478841663855,8,41,32,0,55,1,0
894,56130,3592.93659459918,9,46,31,0,9,1,0
895,66551,1893.2048017772127,9,46,28,0,46,1,0
896,37010,4610.219128964485,5,44,39,1,64,0,0
897,19270,3617.075710004503,10,55,22,1,65,0,0
898,24769,3153.8506501178476,8,54,26,1,118,0,0
899,57826,1266.1557706966205,11,54,32,0,86,0,0
900,11458,2677.6332839869865,8,40,26,0,118,1,0
901,29582,2733.5047390480904,5,42,35,0,67,0,0
902,16079,4431.167159995213,9,41,25,1,117,1,0
903,22538,3095.9225247887116,9,52,24,0,89,0,0
904,61252,2397.6823056757203,9,53,28,0,30,0,0
905,25664,4902.5613797447695,5,44,23,1,109,1,0
906,22860,1265.026491970526,10,48,30,1,92,0,0
907,7421,2574.7033989101674,10,34,31,1,84,1,0
908,40014,976.5036357199021,9,50,29,0,38,1,0
909,36915,3907.5973072211073,8,44,23,1,24,0,0
910,124318,4655.921519236433,8,47,38,1,62,0,0
911,17219,1976.1567841120557,10,47,22,0,20,0,0
912,26247,4405.035042556308,10,32,32,0,46,1,0
913,26889,2027.3165679399706,3,31,28,1,74,0,0
914,77805,4625.234678904444,14,46,19,1,85,1,0
915,20409,3966.6399951064927,11,29,20,0,65,0,0
916,27535,4180.608462734042,8,42,35,1,114,1,0
917,35821,875.6275335219088,8,40,21,1,117,1,0
918,25572,4843.803499710909,8,48,27,0,101,0,0
919,15411,3852.0181666953576,9,38,26,1,27,0,0
920,25726,2079.9546006217597,12,36,34,1,48,0,0
921,51995,4283.457592407158,13,27,29,1,37,0,0
922,9689,1982.3890333427057,11,56,35,1,18,0,0
923,24498,4465.566126177737,7,54,38,0,43,0,0
924,12580,1272.8376397301354,7,58,31,0,31,1,0
925,57298,3755.4811053353424,5,53,27,1,86,1,0
926,6512,3070.9336019086236,6,42,34,1,10,1,0
927,14084,1205.4447748208513,3,40,23,1,54,0,0
928,29785,1815.9540786871237,9,41,24,1,102,1,0
929,77066,852.0969523647221,13,43,24,1,96,0,0
930,20897,2768.8254549509247,7,42,25,1,10,0,0
931,14126,2065.3140951920013,7,53,37,1,106,0,0
932,99203,3313.101434050587,11,43,31,1,76,0,0
933,6915,2048.3987923761924,6,56,31,1,53,0,0
934,3793,2059.660268329336,9,43,37,0,23,0,0
935,31319,3921.4114346727342,13,52,27,1,100,1,0
936,14740,1002.1999111090845,11,51,32,1,11,0,1
937,9730,4592.158979806347,11,55,29,0,71,1,0
938,38819,4379.508272442962,8,43,24,1,82,0,0
939,26770,3604.7796695509073,12,42,20,1,47,0,0
940,14026,3291.530594451014,12,48,27,1,57,0,0
941,7908,4547.670492186539,15,46,34,0,16,1,0
942,44265,1578.3867540206006,4,39,33,1,31,0,0
943,37055,1131.6704812014802,6,37,30,0,26,0,0
944,20346,1805.9427136200602,5,40,37,1,71,0,0
945,96501,4137.228770540799,8,44,26,0,45,0,0
946,9357,945.61512025123,10,34,16,1,61,1,0
947,6500,3247.7887073506563,7,44,27,1,56,0,0
948,12663,4980.8375680035015,7,49,26,1,25,0,0
949,21237,4393.923594117666,3,47,24,1,86,1,0
950,26760,2990.071893983076,10,46,40,1,85,0,0
951,18160,1067.291819003898,9,39,25,0,62,1,1
952,29191,4291.768760419982,8,53,40,0,111,1,0
953,8093,3315.7097343442842,9,40,35,0,10,1,1
954,69913,1282.7185876501808,7,49,36,0,19,0,0
955,20625,1194.200596258096,7,57,26,1,29,1,0
956,53843,4620.432641633688,10,42,25,1,73,0,0
957,28974,3610.6411043399294,6,39,27,0,57,1,0
958,31742,4283.004557130373,6,37,16,1,53,0,0
959,34745,4491.711381185523,8,46,38,1,93,0,0
960,31513,3201.443878602953,11,42,28,0,52,1,0
961,36834,2973.2746773711733,8,45,28,1,65,0,0
962,63788,2607.795123348159,11,50,26,1,78,1,0
963,25776,2131.1756687227007,8,44,29,1,8,1,0
964,38839,2625.303035606589,10,40,31,1,14,0,0
965,20500,4050.294554066657,6,43,26,1,87,0,0
966,69709,3328.0784102635525,8,36,25,0,105,0,0
967,12821,4548.597817810354,7,46,30,1,88,1,0
968,93036,2662.196060392588,7,52,42,1,29,0,0
969,21330,3349.776230618767,3,46,27,1,9,0,0
970,7012,3451.4917229863527,11,56,34,1,14,1,0
971,24403,3285.1280816865674,7,43,31,1,102,1,0
972,12773,3751.0618469591686,6,44,31,1,6,1,0
973,43153,1797.2205671741863,11,42,31,1,40,1,0
974,13067,2951.9278656923207,2,52,33,1,79,0,0
975,15414,1237.74417179506,7,44,31,1,17,0,0
976,4857,2414.9475761082126,9,39,28,1,23,0,0
977,15339,2848.2016882093103,8,47,38,1,83,1,0
978,3168,3539.341890090984,12,53,40,1,15,1,0
979,6203,4792.230420862055,6,42,33,1,79,1,0
980,40470,3322.7344795030945,13,52,29,0,23,1,0
981,41300,3923.094447941551,11,52,24,0,29,0,0
982,30957,2926.3174498798517,12,38,38,1,6,0,0
983,10162,3463.2369317805915,4,34,30,1,99,0,0
984,21201,1097.9153077618485,14,32,34,0,84,0,1
985,21963,1868.4446395357572,4,47,32,1,77,1,0
986,8719,2319.7829914615822,12,43,41,1,104,0,0
987,73329,2784.4720910273572,5,39,31,0,87,1,0
988,44439,991.7247311100117,6,37,29,0,110,1,0
989,18457,1388.1012097239343,12,58,48,1,21,0,0
990,22505,1962.6200927234843,9,46,29,0,90,0,0
991,26022,4880.437301784413,10,41,30,1,20,0,0
992,4301,2191.6574298328132,9,37,17,1,67,0,0
993,18074,2824.5724440707463,8,39,25,1,10,1,0
994,12764,1623.6103935012502,11,41,30,1,50,0,0
995,9884,3365.2762985182267,7,59,22,1,57,1,0
996,17590,1978.869505167092,10,39,35,1,76,1,0
997,92795,1669.3688294413923,7,44,33,1,117,0,0
998,36778,2969.605039473112,16,46,26,1,12,1,0
999,13947,823.1243564737674,7,38,29,1,32,1,0
1000,34824,832.1889371267464,12,44,37,1,94,1,0
